Rank,Name,Classical,Rapid,Blizt
1,Magnus Carlsen,2830,2828,2886
2,Fabiano Caruana,2805,2738,2777
3,Hikaru Nakamura,2794,2746,2874
4,Ian Nepomniachtchi,2770,2754,2800
5,Nodirbek Abdusattorov,2765,2733,2661
6,Gukesh Dommaraju,2763,2649,2651
7,Ding Liren,2762,2775,2787
8,Arjun Erigaisi,2761,2671,2744
9,Wesley So,2757,2722,2773
10,Wei Yi,2755,2758,2684
11,Viswanathan Anand,2751,2749,2709
12,Sergey Karjakin,2750,2724,2646
13,Leinier Dominguez Perez,2748,2693,2651
14,Praggnanandhaa Rameshbabu,2747,2704,2675
15,Anish Giri,2745,2687,2715
16,Alireza Firouzja,2737,2724,2863
17,Shakhriyar Mamedyarov,2733,2671,2700
18,Parham Maghsoodloo,2732,2650,2654
19,Maxime Vachier-Lagrave,2732,2747,2764
20,Le Quang Liem,2731,2659,2700
21,Jan-Krzysztof Duda,2731,2748,2766
22,Levon Aronian,2729,2750,2766
23,Yu Yangyi,2728,2708,2736
24,Alexander Grischuk,2728,2670,2681
25,Veselin Topalov,2727,2632,2657
26,Vincent Keymer,2726,2627,2610
27,Teimour Radjabov,2723,2668,2674
28,Vidit Santosh Gujrathi,2721,2701,2657
29,Richard Rapport,2719,2718,2745
30,Daniil Dubov,2707,2716,2802
31,Amin Tabatabaei,2707,2565,2610
32,Pavel Eljanov,2706,2620,2598
33,Vladislav Artemiev,2705,2747,2802
34,Andrey Esipenko,2703,2650,2624
35,Alexey Sarana,2703,2648,2703
36,Wang Hao,2702,2700,2628
37,Vladimir Fedoseev,2701,2729,2674
38,Pentala Harikrishna,2701,2634,2641
39,Sam Sevian,2698,2614,2693
40,Nihal Sarin,2698,2653,2704
41,Ray Robson,2695,2645,2640
42,Narayanan Sunilduth Lyna,2695,2598,2640
43,Bogdan-Daniel Deac,2692,2641,2637
44,Sanan Sjugirov,2689,2540,2599
45,Peter Svidler,2689,2734,2686
46,Nikita Vitiugov,2688,2617,2673
47,Etienne Bacrot,2686,2652,2631
48,Rustam Kasimdzhanov,2685,2648,2586
49,Javokhir Sindarov,2684,2641,2616
50,Bu Xiangzhi,2684,2578,2760
51,Evgeny Tomashevsky,2681,2633,2645
52,David Navara,2678,2701,2688
53,Bassem Amin,2678,2576,2635
54,Haik Martirosyan,2678,2599,2701
55,Hans Moke Niemann,2676,2598,2611
56,David Howell,2675,2612,2567
57,Kirill Shevchenko,2675,2618,2550
58,Andrei Volokitin,2674,2606,2545
59,Alexandr Predke,2673,2573,2587
60,David Anton Guijarro,2673,2635,2598
61,Michael Adams,2673,2647,2704
62,Radoslaw Wojtaszek,2671,2654,2604
63,Gabriel Sargissian,2671,2608,2579
64,Samuel Shankland,2671,2600,2648
65,Grigoriy Oparin,2670,2655,2659
66,Ivan Saric,2670,2615,2597
67,Jorden van Foreest,2668,2659,2606
68,Peter Leko,2666,2710,2738
69,Nodirbek Yakubboev,2665,2536,2588
70,Nils Grandelius,2664,2640,2573
71,Evgeniy Najer,2663,2568,2517
72,Aravindh Chithambaram,2662,2545,2599
73,Maxim Matlakov,2662,2633,2599
74,Arkadij Naiditsch,2661,2580,2568
75,Boris Gelfand,2661,2620,2577
76,Alexei Shirov,2661,2626,2640
77,Ernesto Inarkiev,2658,2624,2556
78,Francisco Vallejo Pons,2657,2638,2584
79,Kirill Alekseenko,2655,2630,2668
80,Wang Yue,2654,2710,2666
81,Yuriy Kryvoruchko,2654,2697,2595
82,Raunak Sadhwani,2654,2558,2676
83,Anton Korobov,2651,2614,2630
84,Rauf Mamedov,2651,2617,2638
85,Li Chao,2651,2618,2693
86,Matthias Bluebaum,2649,2608,2621
87,Ni Hua,2649,2626,2579
88,Vladimir Malakhov,2648,2666,2622
89,Mateusz Bartel,2647,2522,2497
90,Jeffery Xiong,2646,2714,2707
91,Ruslan Ponomariov,2646,2654,2604
92,Jonas Buhl Bjerre,2646,2523,2519
93,Alan Pichot,2644,2555,2518
94,Samvel Ter-Sahakyan,2644,2542,2540
95,Thai Dai Van Nguyen,2643,2525,2563
96,Ante Brkic,2643,2539,2564
97,Tamir Nabaty,2643,2658,2627
98,Awonder Liang,2642,2519,2527
99,Ma Qun,2641,2589,2602
100,Mustafa Yilmaz,2641,2547,2523
101,Maxime Lagarde,2640,2569,2561
102,Hrant Melkumyan,2640,2686,2604
103,Ivan Cheparinov,2638,2638,2593
104,Johan-Sebastian Christiansen,2637,2458,2560
105,Shant Sargsyan,2637,2601,2609
106,Gadir Guseinov,2636,2605,2583
107,Dmitrij Kollars,2635,2553,2575
108,Erwin l'Ami,2634,2647,2675
109,Aryan Tari,2634,2547,2579
110,Nguyen Ngoc Truong Son,2633,2559,2548
111,Alexander Donchenko,2633,2574,2569
112,Laurent Fressinet,2633,2607,2593
113,Max Warmerdam,2633,2531,2530
114,Volodar Murzin,2632,2591,2642
115,Hou Yifan,2632,2545,2561
116,Nijat Abasov,2632,2566,2555
117,Daniel Dardha,2630,2576,2557
118,Aryan Chopra,2630,0,0
119,Saleh Salem,2629,2659,2654
120,Daniele Vocaturo,2629,2576,2565
121,Jaime Santos Latasa,2628,2660,2600
122,Luka Lenic,2627,2640,2631
123,Rasmus Svane,2627,2629,2597
124,Frederik Svane,2627,2455,2502
125,Vasif Durarbayli,2627,2531,2577
126,Abhimanyu Mishra,2626,0,2449
127,Leon Luke Mendonca,2626,2458,2468
128,Xu Xiangyu,2626,2606,2456
129,Abhimanyu Puranik,2625,2543,2533
130,Ioannis Papaioannou,2624,2614,2666
131,Nikolas Theodorou,2622,2536,2535
132,Maksim Chigaev,2621,2584,2542
133,Benjamin Bok,2620,2608,2631
134,Tamas Banusz,2620,2556,2602
135,Luke McShane,2620,2702,2583
136,Yaroslav Zherebukh,2620,2620,2531
137,Gawain Jones,2620,2634,2642
138,Aram Hakobyan,2619,2513,2570
139,Daniel Naroditsky,2619,2645,2670
140,Imre Balog,2619,2608,2575
141,Sergei Movsesian,2616,2601,2569
142,Alexander Riazantsev,2616,2502,2574
143,Dennis Wagner,2616,2456,2482
144,Georg Meier,2616,2640,2519
145,Manuel Petrosyan,2616,2555,2560
146,Benjamin Gledura,2615,2622,2558
147,Ferenc Berkes,2615,2626,2664
148,Aleksandr Rakhmanov,2614,2581,2577
149,Alexander Areshchenko,2613,2558,2594
150,Jorge Cori,2613,2590,2579
151,Dariusz Swiercz,2612,2647,2625
152,Eltaj Safarli,2612,2612,2665
153,Parimarjan Negi,2612,2613,2613
154,Ivan Popov,2612,2577,2554
155,Lu Shanglei,2611,2642,2638
156,Vasyl Ivanchuk,2611,2651,2684
157,Evgeny Bareev,2611,2617,2660
158,Jon Ludvig Hammer,2611,2637,2556
159,Robert Hovhannisyan,2611,2575,2587
160,Gata Kamsky,2610,2630,2660
161,Jules Moussard,2610,2597,2631
162,Adam Kozak,2610,2559,2476
163,Karthikeyan Murali,2610,2522,2511
164,Eric Hansen,2610,2582,2561
165,Anton Demchenko,2609,2523,2492
166,Karthik Venkataraman,2609,2411,2458
167,Abhijeet Gupta,2608,2543,2528
168,Ivan Salgado Lopez,2608,2554,2561
169,Oleksandr Bortnyk,2608,2642,2729
170,Daniil Yuffa,2607,2491,2541
171,Aydin Suleymanli,2607,2554,2580
172,Aditya Mittal,2607,2440,2457
173,Niclas Huschenbeth,2607,2573,2560
174,Yuriy Kuzubov,2606,2589,2520
175,Loek van Wely,2606,2528,2549
176,David Paravyan,2606,2581,2555
177,Valery Kazakouski,2606,2495,2553
178,Jan Gustafsson,2606,2641,2526
179,Aleksey Dreev,2606,2556,2595
180,Marc Andria Maurizzi,2605,2445,2443
181,V Pranav,2604,2495,2509
182,Carlos Daniel Albornoz Cabrera,2604,2611,2546
183,Jose Eduardo Martinez Alcantara,2603,2641,2703
184,Vadim Milov,2602,2632,2519
185,Pouya Idani,2602,2561,2570
186,Alexander Motylev,2601,2650,2532
187,Miguel Santos Ruiz,2601,2486,2492
188,Markus Ragger,2601,2624,2521
189,Temur Kuybokarov,2600,2458,2454
190,Evgeny Postny,2600,2500,2490
191,Aleksandar Indjic,2600,2566,2666
192,Miguel Illescas Cordoba,2600,2612,2570
193,Kacper Piorun,2599,2490,2530
194,Jakhongir Vakhidov,2599,2532,2563
195,Zhou Weiqi,2599,2607,2590
196,Rinat Jumabayev,2598,2467,2521
197,Mads Andersen,2598,2512,2518
198,Victor Bologan,2598,2541,2451
199,Dragan Solak,2598,0,2510
200,Evgeny Romanov,2598,2481,2486
201,Viktor Laznicka,2597,2639,2511
202,Lazaro Bruzon Batista,2597,2615,2655
203,Ahmed Adly,2597,2532,2600
204,David Baramidze,2597,0,0
205,Alexander Khalifman,2597,2522,0
206,Sergei Azarov,2596,2559,2475
207,Suri Vaibhav,2595,2543,2488
208,Nigel Short,2594,2548,2571
209,Arik Braun,2594,2611,2535
210,Zeng Chongsheng,2592,2495,2477
211,Daniel Fridman,2591,2569,2496
212,Szymon Gumularz,2591,2552,2453
213,Shamsiddin Vokhidov,2591,2539,2613
214,Yuniesky Quesada Perez,2591,2616,2595
215,Emil Sutovsky,2590,2590,2524
216,Robert Markus,2590,2625,2623
217,Igor Lysyj,2589,2531,2528
218,Arseniy Nesterov,2589,2532,2535
219,Constantin Lupulescu,2589,2524,2560
220,Eduardo Iturrizaga Bonelli,2589,2610,2610
221,S P Sethuraman,2589,2536,2495
222,Yannick Gozzoli,2588,2585,2584
223,Maxim Rodshtein,2588,2611,2555
224,Tigran Gharamian,2588,2597,2628
225,Ferdinand Hellers,2588,2410,2410
226,Ivan Sokolov,2588,2598,2587
227,Evgenij Miroshnichenko,2588,2573,2539
228,Pavel Ponkratov,2588,2574,2529
229,Cristobal Henriquez Villagra,2588,2551,2533
230,Manuel Perez Candelario,2588,2482,2481
231,Paulius Pultinevicius,2587,2600,2613
232,Gergely Antal,2587,2460,2471
233,Bai Jinshi,2586,2550,2551
234,Vladimir Akopian,2586,2637,2641
235,Jergus Pechac,2586,2544,2540
236,Boris Grachev,2585,2591,2538
237,Jiangchuan Ye,2585,0,0
238,Sandro Mareco,2585,2543,2544
239,Bardiya Daneshvar,2584,2482,2513
240,Antonios Pavlidis,2584,2614,2576
241,Ilya Smirin,2584,2509,2519
242,Giovanni Vescovi,2584,2553,2506
243,Yasser Quesada Perez,2584,2498,2498
244,Jacek Tomczak,2584,2540,2523
245,Peter Prohaszka,2583,2534,2626
246,Bobby Cheng,2583,2507,2481
247,Christopher Yoo,2583,2497,2558
248,Tomas Laurusas,2583,2513,2506
249,Liviu-Dieter Nisipeanu,2583,2629,2625
250,Velimir Ivic,2582,2490,2530
251,Nidjat Mamedov,2582,2624,2645
252,Peter Acs,2582,2495,0
253,Rustem Dautov,2582,0,2581
254,Karen H Grigoryan,2581,2649,2691
255,Baadur Jobava,2581,2625,2616
256,Luis Paulo Supi,2581,2536,2512
257,Fernando Peralta,2580,2577,2537
258,Luca Moroni Jr,2580,2525,2544
259,Stepan Zilka,2579,2454,2411
260,Konstantin Tarlev,2579,2576,2532
261,Ediz Gurel,2578,2421,2465
262,Axel Bachmann,2578,2612,2601
263,Martin Kraemer,2577,2527,2482
264,Aleksandr Shimanov,2576,2580,2618
265,Dimitrios Mastrovasilis,2576,2553,2549
266,Sergei Ovsejevitsch,2576,2494,2439
267,Illya Nyzhnyk,2576,2658,2632
268,Arturs Neiksans,2575,2557,2507
269,Wen Yang,2575,2526,2596
270,Brandon Jacobson,2575,2451,2474
271,John M Burke,2574,0,2574
272,Mikhail Al Antipov,2574,2591,2545
273,Surya Shekhar Ganguly,2574,2599,2486
274,Yan Liu,2574,2442,2432
275,Viktor Gazik,2574,2466,2526
276,Mikhailo Oleksienko,2573,2507,2551
277,Borki Predojevic,2573,2587,2597
278,Dimitri Reinderman,2573,0,2526
279,Denis Lazavik,2572,2553,2597
280,Viorel Iordachescu,2572,2489,2509
281,Stamatis Kourkoulos-Arditis,2572,2452,2406
282,Jingyao Tin,2572,2479,2495
283,Varuzhan Akobian,2571,2602,2515
284,Valentin Dragnev,2571,2463,2476
285,Peter Michalik,2571,2530,2585
286,Alejandro Ramirez,2571,2579,2683
287,Tomi Nyback,2571,2574,2508
288,Andrey Baryshpolets,2571,2479,2532
289,Guillermo Vazquez,2571,2473,2549
290,Christian Bauer,2571,2548,2692
291,Pawel Teclaf,2570,2501,2558
292,Zaven Andriasian,2570,2621,2624
293,Krishnan Sasikiran,2570,2551,2567
294,Vadim Zvjaginsev,2569,2463,2527
295,Li Di,2568,2471,2440
296,Michael Roiz,2568,2539,2596
297,Mikheil Mchedlishvili,2567,2516,2533
298,Harsha Bharathakoti,2567,2518,2516
299,Zhang Pengxiang,2567,2515,0
300,Tuan Minh Le,2567,2508,2538
301,Luis Ernesto Quesada Perez,2567,2530,2528
302,Ruben Felgaer,2566,2534,2493
303,Alexandr Fier,2566,2544,2583
304,Zahar Efimenko,2565,2607,2545
305,Vahap Sanal,2565,2519,2609
306,Sasa Martinovic,2565,2552,2453
307,Lorenzo Lodici,2565,2454,2436
308,Matthieu Cornette,2565,2530,2477
309,Yusnel Bacallao Alonso,2565,2495,2561
310,Zhou Jianchao,2565,2570,2486
311,Bartosz Socko,2565,2525,2530
312,Geetha Narayanan Gopal,2564,2471,2511
313,Semen Khanin,2564,2484,2461
314,Daniel Forcen Esteban,2563,2514,2527
315,Alvar Alonso Rosell,2562,2491,2575
316,Jure Borisek,2562,2548,2561
317,Pavel V Tregubov,2562,2509,2445
318,Francesco Sonis,2562,2495,2467
319,Tomas Sosa,2562,2537,2545
320,Nikita Petrov,2562,2526,2551
321,Rainer Buhmann,2561,2616,2613
322,Sebastien Maze,2561,2555,2465
323,Viktor Matviishen,2561,2436,2423
324,Hristos Banikas,2561,2606,2601
325,Zhang Zhong,2561,2493,2535
326,Marin Bosiocic,2561,2504,2604
327,Vitaliy Bernadskiy,2561,2546,2494
328,Tigran L Petrosian,2561,2601,2604
329,Gabor Papp,2561,2529,2587
330,Elham Amar,2560,2478,2515
331,Alexander Moiseenko,2560,2562,2542
332,Semyon Lomasov,2560,2560,2445
333,Vugar Asadli,2560,2492,2511
334,Diptayan Ghosh,2559,2445,2553
335,Erik van den Doel,2559,2529,2495
336,Simen Agdestein,2559,2472,2422
337,Vladislav Kovalev,2559,2515,2563
338,Jose Carlos Ibarra Jerez,2559,2559,2629
339,Ju Wenjun,2559,2566,2500
340,Sergey Drygalov,2558,2464,2506
341,Robert Kempinski,2558,2494,2608
342,Denis Kadric,2558,2535,2615
343,Konstantin Sakaev,2558,2510,2632
344,Mikhail Gurevich,2557,2562,2610
345,Sergey A Fedorchuk,2557,2542,2529
346,Mircea-Emilian Parligras,2557,2478,2477
347,Merab Gagunashvili,2556,2452,2532
348,Artyom Timofeev,2556,2518,2522
349,Dmitry Kokarev,2556,2537,2583
350,Denis Khismatullin,2556,2476,2490
351,Liam Vrolijk,2556,2498,2498
352,Luis Engel,2556,2455,2455
353,Mahammad Muradli,2555,2438,2556
354,Frode Olav Olsen Urkedal,2555,2496,2402
355,Iegor Krivoborodov,2555,2559,2552
356,Vladimir Potkin,2555,2532,2478
357,Krikor Sevag Mekhitarian,2554,2587,2577
358,Wojciech Moranda,2554,2571,2603
359,Nitzan Steinberg,2554,2514,2486
360,Alojzije Jankovic,2554,2501,2492
361,Jan Werle,2553,2523,0
362,Helgi Dam Ziska,2553,2570,2549
363,Aleksandra Goryachkina,2553,2478,2442
364,Maxim Turov,2552,2519,2443
365,Grzegorz Nasuta,2552,2425,2420
366,Sergei Tiviakov,2552,2602,2653
367,Timur Gareyev,2552,2578,2540
368,John Nunn,2552,2536,2490
369,Vitaly Sivuk,2551,2500,2474
370,Nikita Meshkovs,2551,2531,2556
371,Vugar Rasulov,2551,2439,2508
372,Pierre Laurent-Paoli,2551,2483,2389
373,Emilio Cordova,2551,2610,2607
374,Aleksey Sorokin,2551,2561,2476
375,Gregory Kaidanov,2550,0,2547
376,Evgeny Alekseev,2550,2539,2526
377,Aleksey Grebnev,2550,2503,2438
378,Lei Tingjie,2550,2518,2491
379,Emre Can,2549,2530,2502
380,Leon Livaic,2549,2504,2532
381,Grzegorz Gajewski,2548,2492,2544
382,Julio Catalino Sadorra,2548,2531,2530
383,Sebastian Bogner,2548,2552,2495
384,Ihor Samunenkov,2548,2428,2471
385,Nikita Afanasiev,2548,2519,2535
386,Andreas Heimann,2548,2539,2501
387,Bart Michiels,2547,2550,2565
388,Platon Galperin,2547,2442,2461
389,Mikhail Demidov,2546,2475,2447
390,Casper Schoppen,2546,2574,2556
391,Bence Korpa,2546,2453,2475
392,Humpy Koneru,2546,2456,2432
393,Gleb Dudin,2546,2404,2371
394,Sebastien Feller,2546,2621,2499
395,Ruifeng Li,2545,2441,2441
396,Zhao Jun,2545,2596,2547
397,Fidel Corrales Jimenez,2545,2516,2508
398,Viktor Erdos,2545,2512,2554
399,Kiril Georgiev,2545,2591,2525
400,Oliver Mihok,2544,2445,2445
401,Li Min Peng,2544,2447,2435
402,Jesper Sondergaard Thybo,2544,2420,2380
403,Bharath Subramaniyam,2544,2488,2522
404,Levan Aroshidze,2543,2503,2533
405,Csaba Balogh,2543,2609,2646
406,Andrey Rychagov,2543,2413,2392
407,Andrew Z Hong,2542,2533,2469
408,Kateryna Lagno,2542,2476,2487
409,Klementy Sychev,2542,2502,2578
410,Mikhail Kobalia,2542,2522,2500
411,Imre Jr Hera,2542,2527,2598
412,Adhiban Baskaran,2541,2504,2575
413,Kamil Dragun,2541,2542,2551
414,Toivo Keinanen,2541,2473,2548
415,Tamaz Gelashvili,2541,0,2627
416,Ido Gorshtein,2540,2392,2433
417,Diego Flores,2540,2587,2612
418,Titas Stremavicius,2540,2467,2406
419,Liu Qingnan,2540,2514,2537
420,Giorgi Margvelashvili,2540,0,2549
421,Yagiz Kaan Erdogmus,2540,2342,2373
422,Tomasz Warakomski,2539,2454,2445
423,Davorin Kuljasevic,2539,2549,2481
424,Jan Smeets,2539,0,2591
425,Bartlomiej Heberla,2539,2463,2412
426,Jan Krejci,2539,2479,2416
427,M Pranesh,2538,2461,2521
428,Federico Perez Ponsa,2538,2592,2590
429,Misratdin Iskandarov,2538,2483,2495
430,Dominik Horvath,2538,2415,2396
431,Maksim Vavulin,2538,2487,2544
432,Dmitry Obolenskikh,2537,2574,2488
433,Zbynek Hracek,2537,2559,2534
434,Guha Mitrabha,2537,2458,2508
435,Sergey Grigoriants,2536,2529,2491
436,Nikola Djukic,2536,2587,2549
437,Jan-Christian Schroeder,2536,2444,2577
438,Alexander Huzman,2536,2468,2437
439,Ilia Iljiushenok,2536,2463,2487
440,Levan Pantsulaia,2535,2544,2568
441,Leandro Krysa,2535,2525,2495
442,Adam Tukhaev,2535,2493,2477
443,Predrag Nikolic,2535,2615,2550
444,Robert Fontaine,2534,0,0
445,Gao Rui,2534,2443,2475
446,Hrvoje Stevic,2534,2546,2521
447,Koustav Chatterjee,2534,2396,2432
448,Christopher Noe,2533,2427,2558
449,Felipe De Cresce el Debs,2533,2537,2560
450,Srinath Narayanan,2533,2458,2442
451,Robert Ruck,2533,2460,2523
452,Mihail Nikitenko,2532,2416,2374
453,Zoran Jovanovic,2532,2552,2537
454,Daniil Lintchevski,2532,2490,2552
455,Raja Rithvik R,2532,2404,2413
456,Florian Kaczur,2532,2487,2505
457,Milos Perunovic,2531,2557,2511
458,Patrick Wolff,2531,2524,0
459,Josif Dorfman,2531,2545,2512
460,Sankalp Gupta,2531,2428,2464
461,Jiri Stocek,2531,2538,2406
462,Vladimir Baklan,2531,2616,2610
463,Zdenko Kozul,2530,2533,2547
464,Ioan-Cristian Chirila,2530,2500,2445
465,Vlastimil Babula,2530,2536,2474
466,Ori Kobo,2530,2443,2453
467,Ivan Zemlyanskii,2530,2320,2418
468,Arthur Guo,2529,0,0
469,Matthias Wahls,2529,0,0
470,Anthony He,2529,0,2409
471,Jaan Ehlvest,2528,2499,2466
472,David Gavrilescu,2528,2535,2522
473,Vitaly Kunin,2528,2516,2401
474,Sergei Matsenko,2528,2505,2481
475,Avital Boruchovsky,2528,2466,2450
476,Roven Vogel,2528,2481,2518
477,Daniel Howard Fernandez,2528,2380,2484
478,Nicholas Pert,2527,2600,2536
479,Hichem Hamdouchi,2527,2495,2490
480,Dr Florian Handke,2527,2514,2511
481,Jonathan Rowson,2527,2525,2519
482,Sergey Erenburg,2527,0,2555
483,Nikolozi Kacharava,2527,2405,2420
484,Gergely Kantor,2527,2487,2523
485,Christopher Lutz,2526,0,0
486,Jonas Lampert,2526,0,2492
487,Jan H Timman,2525,2472,2501
488,Alexander Graf,2525,0,0
489,Vignesh N R,2525,2386,2443
490,Jure Skoberne,2525,2451,2505
491,Martin Nayhebaver,2525,2430,2417
492,Costica-Ciprian Nanu,2525,2474,2479
493,Romain Edouard,2524,2542,2550
494,Mikhail Mozharov,2524,2462,2421
495,Robby Kevlishvili,2524,2558,2575
496,Rudik Makarian,2524,2504,2591
497,Yannick Pelletier,2524,2643,0
498,Tigran K Harutyunian,2524,2382,2353
499,Jonathan F Parker,2523,2506,0
500,Sipke Ernst,2523,2514,2436
501,Tanguy Ringoir,2523,2513,2587
502,Dmitry Gordievsky,2522,2427,2546
503,Jorge Viterbo Ferreira,2522,2427,2433
504,Leonardo Tristan,2522,2523,2483
505,Mert Yilmazyerli,2522,2433,2433
506,Ibro Saric,2522,2564,2510
507,Dmitry Bocharov,2522,2516,2512
508,Kaido Kulaots,2522,2490,2482
509,Xiongjian Peng,2521,2399,2380
510,Omar Almeida Quintana,2521,2476,2514
511,Tan Zhongyi,2521,2510,2486
512,Julen Luis Arizmendi Martinez,2521,2493,2458
513,Renato Terry,2521,2464,2572
514,Evgenios Ioannidis,2521,2405,2383
515,Nico Georgiadis,2521,2494,2442
516,Anna Muzychuk,2520,2417,2427
517,Michal Krasenkow,2520,2446,2406
518,Roeland Pruijssers,2520,0,2539
519,Valery Sviridov,2520,2383,2473
520,Erik Blomqvist,2520,2476,2368
521,Roman Ovetchkin,2520,2428,2351
522,Edvins Kengis,2520,2384,2488
523,Bartlomiej Macieja,2520,2446,2430
524,Martin Petrov,2520,2428,2441
525,Lance Henderson de La Fuente,2519,2357,2421
526,Shawn Rodrigue-Lemieux,2519,2477,2438
527,Hugo Ten Hertog,2519,2484,2478
528,Pranav Anand,2519,2421,2395
529,Bilel Bellahcene,2519,2516,2540
530,Sahaj Grover,2519,2492,2435
531,Hjorvar Steinn Gretarsson,2518,2516,2515
532,Nikolas Lubbe,2518,2454,2449
533,Aleksandr Lenderman,2518,2621,2577
534,Ivan Ivanisevic,2518,2553,2541
535,Aronyak Ghosh,2517,2429,2420
536,Roberto Garcia Pantoja,2516,2492,2548
537,Denis Makhnyov,2516,2528,2582
538,Cemil Can Ali Marandi,2516,2553,2468
539,Bjorn Moller Ochsner,2515,2472,2448
540,Andy Woodward,2515,0,2353
541,Tomas Polak,2515,2482,2435
542,Michael Prusikin,2515,2458,2538
543,Bayarsaikhan Gundavaa,2515,2374,2406
544,Sabino Brunello,2515,2590,2525
545,Dambasuren Batsuren,2515,2435,2462
546,David Brodsky,2515,2491,2482
547,Xu Yinglun,2515,2520,2539
548,Grigor Grigorov,2514,2529,2512
549,Christopher Repka,2514,2428,2411
550,Jaime Alexander Cuartas,2514,2476,2456
551,Adrien Demuth,2514,2459,2485
552,Maxim Dlugy,2514,2553,2602
553,Ante Saric,2514,2531,2524
554,Felix Blohberger,2514,2409,2441
555,Yuri Yakovich,2514,2477,2426
556,Pavel Anisimov,2514,2478,2485
557,Andrey Sumets,2514,2491,2418
558,Arman Mikaelyan,2513,2456,2445
559,Matej Sebenik,2513,2474,2488
560,Yair Parkhov,2513,2420,2438
561,Alija Muratovic,2513,2398,0
562,Cem Kaan Gokerkan,2512,2428,2406
563,Lucas van Foreest,2512,2448,2501
564,Alberto David,2512,2617,2527
565,Zhamsaran Tsydypov,2512,2459,2652
566,Tadeas Kriebel,2512,2428,2437
567,Samant Aditya S,2512,2339,2410
568,Ernesto Fernandez Romero,2511,0,0
569,Elshan Moradiabadi,2511,2552,2527
570,Jan Subelj,2511,2454,2515
571,Ivan Schitco,2511,2425,2430
572,Sebastian Iermito,2511,2432,2460
573,Zhihang Xu,2511,2426,2404
574,Marcin Krzyzanowski,2510,2435,2471
575,Robin Swinkels,2510,0,2414
576,Mariya Muzychuk,2510,2426,2421
577,Xiu Deshun,2510,2546,2439
578,Aleksei Pridorozhni,2509,2509,2564
579,Visakh N R,2509,2458,2479
580,Allan Stig Rasmussen,2509,2500,2492
581,Namig Guliyev,2509,2488,2520
582,Bryce Tiglon,2509,0,0
583,Twan Burg,2509,2539,2422
584,Igor Novikov,2509,0,0
585,Jan Vykouk,2509,2421,2405
586,Philipp Schlosser,2509,2549,2559
587,Sune Berg Hansen,2508,2556,0
588,Vladimir Zakhartsov,2508,2441,2455
589,Abdimalik Abdisalimov,2508,2337,2428
590,Marcin Dziuba,2508,2468,2478
591,M R Babu Lalith,2508,2568,2551
592,Ioannis Nikolaidis,2508,2535,2513
593,Stelios Halkias,2508,2503,2448
594,Irakli Beradze,2507,2457,2394
595,Eugene Perelshteyn,2507,0,0
596,Pascal Charbonneau,2507,0,0
597,Pier Luigi Basso,2507,2458,2449
598,Gilberto Hernandez Guerrero,2507,2498,2521
599,Sayantan Das,2507,2408,2382
600,Andres Carlos Obregon,2506,2502,2564
601,Victor Mikhalevski,2506,2453,2487
602,Saparmyrat Atabayev,2506,2361,2462
603,Sergei Lobanov,2506,2414,2474
604,Nana Dzagnidze,2506,2427,2398
605,Vojtech Plat,2506,2543,2565
606,Kjetil Aleksander Lie,2506,2460,2397
607,Jan Klimkowski,2505,2357,2324
608,Dylan Isidro Berdayes Ason,2505,2418,2432
609,Martijn Dambacher,2505,0,0
610,Volodymyr Vetoshko,2505,2457,2422
611,Jan Bernasek,2505,2505,2446
612,Vladimir Belous,2505,2623,2534
613,Wan Yunguo,2505,2520,2522
614,Luka Paichadze,2504,2452,2513
615,Zoltan Medvegy,2504,2417,2535
616,Justin Wang,2504,2371,2497
617,Aleksander Mista,2504,2514,2481
618,Thomas Beerdsen,2504,2462,2550
619,Igor Khenkin,2504,2514,2621
620,Ivan Yeletsky,2504,2388,2423
621,Arsen Kukhmazov,2504,2446,2355
622,Susanto Megaranto,2504,2531,2602
623,Artem Iljin,2504,2496,2437
624,Harika Dronavalli,2503,2415,2423
625,Tomasz Markowski,2503,2445,2493
626,Raymond Song,2503,2413,2278
627,Renier Vazquez Igarza,2503,2550,2580
628,Emanuel Berg,2502,2570,2502
629,Amirreza Pourramezanali,2502,2392,2320
630,Zurab Sturua,2502,2489,2447
631,Hedinn Steingrimsson,2502,2559,2590
632,Andrew Tang,2502,2433,2589
633,Read Samadov,2502,2389,2355
634,Igor Janik,2502,2469,2519
635,Momchil Petkov,2502,2439,2383
636,Dai Changren,2501,2423,2426
637,Tao Pang,2501,2333,2334
638,Seyed Khalil Mousavi,2501,2355,2379
639,Pawel Czarnota,2501,2494,2534
640,Alexandra Kosteniuk,2501,2482,2473
641,Mukhiddin Madaminov,2501,2456,2479
642,Santiago Avila Pavas,2500,2407,2424
643,Aleksander Delchev,2500,2474,2476
644,Jose Fernando Cuenca Jimenez,2500,2451,2419
645,Marcin Tazbir,2500,2422,2483
646,Praveen Balakrishnan,2500,2410,2424
647,Deep Sengupta,2500,2403,2350
648,Arkadiusz Leniart,2499,2418,2395
649,Alisher Suleymenov,2499,2475,2362
650,Slavko Cicak,2499,0,0
651,Eytan Rozen,2499,2432,2451
652,Prraneeth Vuppala,2499,2403,2332
653,A Koushik Girish,2499,2410,2398
654,Pavel Smirnov,2498,2444,2522
655,Aliaksei Charnushevich,2498,2485,0
656,Andreas Kelires,2498,2438,2438
657,Sergio Cacho Reigadas,2498,2548,0
658,Ulvi Sadikhov,2497,2458,2384
659,Andrei Shchekachev,2497,2448,2445
660,Jon S Speelman,2497,2540,2492
661,Isik Can,2497,2371,2374
662,Daniel Alsina Leal,2497,2428,2367
663,Juan Carlos Obregon Rivero,2496,2524,2497
664,Amirreza Pour Agha Bala,2496,2403,2360
665,Carles Diaz Camallonga,2496,2458,2428
666,Kristian Stuvik Holm,2496,2443,2499
667,Ravi Haria,2496,2422,2422
668,Andrei Murariu,2496,2511,2448
669,Leon Mons,2495,2518,2469
670,Dmitry Frolyanov,2495,2437,2386
671,Marko Nenezic,2495,2498,2467
672,Guillaume Lamard,2495,2443,2409
673,Aaditya Dhingra,2495,2149,2269
674,Ivan Morovic Fernandez,2495,2578,2498
675,P Iniyan,2495,2439,2442
676,Milosz Szpar,2495,2397,2446
677,Xu Yi,2495,2393,2460
678,David Gorodetzky,2494,2399,2484
679,Novendra Priasmoro,2494,2417,2412
680,Jordi Magem Badals,2494,2505,0
681,Giga Quparadze,2494,2566,2559
682,Sundar M Shyam,2493,2469,2475
683,Mamikon Gharibyan,2493,2427,2429
684,Ariel Erenberg,2493,2394,2381
685,Andrey Orlov,2493,2572,2521
686,Hannes Stefansson,2493,2437,2436
687,Csaba Horvath,2493,2487,2536
688,Fabien Libiszewski,2493,2431,2444
689,Gergely-Andras-Gyula Szabo,2491,2372,2444
690,Andre Diamant,2491,2439,2468
691,Oskar Wieczorek,2491,2373,2412
692,Luka Draskovic,2491,2417,2397
693,Sarunas Sulskis,2491,2467,2486
694,Djurabek Khamrakulov,2491,2482,2535
695,Pierre Bailet,2491,2469,2484
696,Hipolito Asis Gargatagli,2491,2517,2557
697,Gergely Aczel,2491,2493,2388
698,Evandro Amorim Barbosa,2491,2424,2439
699,Sergey Trushnikov,2491,2428,2466
700,Vlad-Cristian Jianu,2491,2506,2473
701,Jagadeesh Siddharth,2491,2314,2338
702,Jose Angel Guerra Mendez,2490,2465,2487
703,Daniel Pulvett Marin,2490,2504,2416
704,Balaji Daggupati,2490,0,0
705,Brandon G I Clarke,2490,2385,2418
706,Safal Bora,2490,2389,2377
707,Isan Reynaldo Ortiz Suarez,2490,2544,2481
708,Ivan Rozum,2490,2495,2410
709,Joel Benjamin,2490,0,2561
710,Brian Sebasti Escalante Ramirez,2490,2397,2391
711,Ramazan Zhalmakhanov,2490,2371,2440
712,Sarasadat Khademalsharieh,2490,2359,2373
713,Youri Solodovnitchenko,2490,2445,2458
714,Yahli Sokolovsky,2490,2316,2389
715,Kazybek Nogerbek,2489,2487,2519
716,Dmitriy Khegay,2489,2474,2417
717,Dmitri Maksimov,2489,2447,2477
718,Sebastien Cossin,2489,0,0
719,Igor Miladinovic,2489,2520,2527
720,Abdulla Gadimbayli,2489,2443,2361
721,Akshat Chandra,2489,2413,2537
722,Tomas Kraus,2488,2381,2371
723,Emin Ohanyan,2488,2346,2422
724,Daniel Sadzikowski,2488,2376,2403
725,Jose Rafael Gascon Del Nogal,2488,2393,2465
726,Manuel Pena Gomez,2488,2387,2409
727,Alexander Naumann,2488,2549,2528
728,Maximilian Berchtenbreiter,2488,2438,2515
729,Jose Gabriel Cardoso Cardoso,2488,2405,2480
730,Chen Lin,2488,2458,2493
731,Semen Mitusov,2488,2415,2404
732,Chanda Sandipan,2488,2585,2441
733,Renjie Huang,2487,2409,2380
734,Axel Delorme,2487,2453,2478
735,Cristhian Cruz,2487,2503,2510
736,Steven Zierk,2487,2500,2494
737,Pablo Salinas Herrera,2487,2428,2512
738,Renato R Quintiliano Pinto,2487,2413,2480
739,Kayden Troff,2487,2480,2543
740,Vitali Golod,2487,2382,2590
741,Dragos Ceres,2486,2324,2362
742,Valeriy Aveskulov,2486,2509,2552
743,Gamil Agamaliev,2486,0,0
744,Dusan Popovic,2486,2536,2575
745,Ameet K Ghasi,2486,2482,2525
746,Andres Felipe Gallego Alcaraz,2486,2370,2340
747,Adham Fawzy,2486,2520,2534
748,Himal Gusain,2486,2212,2272
749,Diego Rafael Di Berardino,2485,2411,2424
750,Bojan Maksimovic,2485,2530,2530
751,Zhao Zong-Yuan,2485,2501,2545
752,Valentin Baidetskyi,2485,2442,2525
753,Viacheslav Tilicheev,2485,2410,2423
754,Wang Chen,2485,2441,2470
755,Alejandro Moreno Trujillo,2485,2509,2476
756,Shay Porat,2484,2499,2553
757,Manuel Apicella,2484,2509,2446
758,Ermes Espinosa Veloz,2484,2480,2386
759,Saveliy Golubov,2484,2526,2544
760,Maksim Tsaruk,2484,2428,2468
761,Neuris Delgado Ramirez,2484,2611,2614
762,Alexander Berelovich,2484,2487,2463
763,Ruud Janssen,2484,0,2455
764,Marcus R Harvey,2484,2460,2441
765,Lars Oskar Hauge,2484,2423,2420
766,Tong Xiao,2484,2290,2042
767,Toms Kantans,2484,2379,2392
768,Aleksey Goganov,2483,2491,2456
769,Tamas Jr Fodor,2483,2469,2504
770,Luka Budisavljevic,2483,2439,2440
771,Alessio Valsecchi,2483,2457,2405
772,Maciej Klekowski,2483,2422,2530
773,Zbigniew Pakleza,2482,2411,2405
774,Ahmad Ahmadzada,2482,2414,2362
775,Lukasz Cyborowski,2482,2461,2567
776,Oliver Barbosa,2482,2610,2594
777,Jakub Kosakowski,2482,2492,2494
778,Aleksandar Kovacevic,2482,2518,2455
779,L R Srihari,2482,2273,2328
780,Samir Sahidi,2482,2470,2480
781,Anatole Vlachos,2482,2411,2386
782,Borya Ider,2482,2467,2512
783,Jacek Gdanski,2482,2347,2315
784,Pedro Antonio Gines Esteo,2481,2428,2443
785,Boban Bogosavljevic,2481,2573,2488
786,Paul Velten,2481,2563,2442
787,Vladimir Lazarev,2481,2408,0
788,Roman Kezin,2481,2518,2457
789,Oleg Korneev,2481,2441,2467
790,Yuriy Baikovsky,2481,2412,2429
791,Bibisara Assaubayeva,2481,2425,2469
792,Marcel Kanarek,2481,2389,2389
793,Henry Soto Hernandez,2481,2407,2430
794,Patrick Zelbel,2481,2466,2474
795,Aryan Gholami,2481,2403,2403
796,Danyyil Dvirnyy,2480,2456,2526
797,Andrey Gorovets,2480,2535,2361
798,Nico Zwirs,2480,2429,2413
799,Radoslav Dimitrov,2480,2463,2475
800,Juan Carlos Gonzalez Zamora,2480,2496,2522
801,Laszlo Gonda,2480,2502,0
802,Camilo Ernesto Gomez Garrido,2480,2520,2513
803,Alexandr Triapishko,2480,2432,2441
804,Yu Ruiyuan,2480,2507,2486
805,Stefan Bromberger,2480,2511,0
806,Vladimir Burmakin,2480,2403,2447
807,Gudmundur Kjartansson,2480,2302,2369
808,David C Smerdon,2480,2548,2478
809,Alejandro Alvarado Diaz,2480,2423,2450
810,Nikolaus Stanec,2479,0,0
811,Lucian-Costin Miron,2479,2442,2424
812,Mika Karttunen,2479,2381,2396
813,Andrei Macovei,2479,2380,2447
814,Holden Hernandez Carmenate,2479,0,2545
815,Ioannis Georgiadis,2479,2494,2446
816,Joseph Girel,2479,2329,2356
817,Jaroslav Prizant,2478,2515,2578
818,Kristof Juhasz,2478,2386,2386
819,Radoslaw Psyk,2478,2366,2344
820,Alexander Zlochevskij,2478,2390,2362
821,Marco Baldauf,2478,2406,2432
822,Novak Pezelj,2478,2458,2402
823,Hing Ting Lai,2478,2380,2614
824,Diego Macias Pino,2478,2330,2417
825,Augustin Droin,2478,2435,2374
826,Dr Christian Seel,2478,2408,2478
827,Evgeny Zanan,2478,2393,2400
828,Nikolaj Mikkelsen,2477,0,0
829,Harry Grieve,2477,2313,2363
830,Adlane Arab,2477,2413,2411
831,Jorge Roberto Elias Reyes,2477,2414,2336
832,Zhao Yuanhe,2477,2330,2348
833,Bhattacharyya Soham,2477,2119,2209
834,Conor E Murphy,2477,2287,2325
835,Tiger Hillarp Persson,2477,2529,2555
836,Aljoscha Feuerstack,2476,2422,2418
837,Balazs Csonka,2476,2455,2399
838,Leonardo Costa,2476,2230,2389
839,Yevgeny A Levin,2476,2390,2412
840,Rishi Sardana,2476,2409,2336
841,Tuan Minh Tran,2476,2388,2454
842,Anton Shomoev,2476,2500,2443
843,Rodrigo Vasquez Schroeder,2475,2523,2566
844,Zoltan Ribli,2475,2545,2532
845,Lars Schandorff,2475,2499,2517
846,Vaishali R,2475,2359,2366
847,William N Watson,2475,2492,2458
848,Hans Tikkanen,2475,2535,2554
849,Boris Savchenko,2475,2532,2490
850,Nikoloz Petriashvili,2475,2346,2374
851,Eldar Gasanov,2474,2396,2473
852,Trajko Nedev,2474,2430,2502
853,Luis Lazaro Aguero Jimenez,2474,2425,2410
854,Artur Davtyan,2474,2422,2406
855,Dmitry Kryakvin,2474,2398,2399
856,Geir Sune Tallaksen Ostmoe,2474,2461,2385
857,Tal Baron,2474,2429,2442
858,Ernesto J Fernandez Guillen,2474,2480,2392
859,Martin Petr,2474,2498,2382
860,Laurent Guidarelli,2474,2437,2460
861,Khazar Babazada,2474,2280,2304
862,Gyula Pap,2473,2563,2525
863,Friso Nijboer,2473,2479,2420
864,Tsvetan Stoyanov,2473,2344,2390
865,Jean-Pierre Le Roux,2473,2597,2476
866,Mariano Ortega Amarelle,2473,2483,2392
867,Ehsan Ghaem Maghami,2473,2522,2560
868,Samy Shoker,2473,2433,2475
869,Dimitar Mardov,2473,0,2332
870,Clovis Vernay,2473,2480,2468
871,Semen I Dvoirys,2472,2365,2369
872,Muthaiah AL,2472,2231,2283
873,Lelys Stanley Martinez Duany,2472,2479,2441
874,Athanasios Mastrovasilis,2472,2513,2521
875,A Jonathan Mestel,2472,0,0
876,Elier Miranda Mesa,2472,2425,2431
877,Miguoel Admiraal,2472,2449,2436
878,Pawel Jaracz,2472,2412,2455
879,Arystanbek Urazayev,2471,2504,2441
880,Milton Pantzar,2471,2392,2365
881,V S Rathanvel,2471,2336,2405
882,Krystian Kuzmicz,2471,2354,2350
883,Alexander Beliavsky,2471,2584,2478
884,Martin Lokander,2471,2352,2258
885,Michael Bezold,2471,2574,2531
886,Yevgeniy Roshka,2471,2443,2448
887,Robert Andrew Hungaski,2471,2395,2433
888,Arnaud Hauchard,2471,2533,0
889,Matthias Dann,2470,2515,2511
890,Ilan Manor,2470,2418,0
891,Salvador Alonso,2470,2467,2474
892,Razvan Preotu,2470,2545,2430
893,Pere Garriga Cazorla,2470,2504,2395
894,Julian Kramer,2470,2367,2454
895,Dawit Schengelia,2470,2449,2427
896,Mihnea Costachi,2470,2401,2471
897,Alberto Barp,2470,2410,2313
898,Mahdi Gholami Orimi,2470,2357,2333
899,Xianliang Xu,2470,0,0
900,Henrik Danielsen,2469,2528,2473
901,Ma Zhonghan,2469,2416,2474
902,Jonathan Westerberg,2469,2427,2462
903,Qi Chen b,2469,2444,2432
904,Alexander Zabotin,2469,2375,2320
905,Matthew J Wadsworth,2469,2367,2253
906,Eduardas Rozentalis,2469,2430,2488
907,Alexander Kovchan,2469,2451,2451
908,Johannes Haug,2469,2378,2421
909,Helgi Ass Gretarsson,2468,2392,2379
910,Alina Kashlinskaya,2468,2360,2398
911,Moulthun Ly,2468,2467,2468
912,Richard Forster,2468,0,0
913,Mackenzie Molner,2468,2474,2434
914,Israel Caspi,2468,2374,2419
915,Kevin Joel Cori Quispe,2468,2416,2438
916,Zhansaya Abdumalik,2468,2453,2383
917,Viacheslav V Zakhartsov,2467,2388,2423
918,Shardul Annasaheb Gagare,2467,2447,2483
919,Renier Castellanos Rodriguez,2467,2418,2567
920,Simon Williams,2467,2497,2468
921,Mikhail Bryakin,2467,2494,2484
922,Dan Zoler,2467,2342,2412
923,Meilis Annaberdiev,2467,2504,2405
924,Tobias Koelle,2467,2375,2513
925,Alexander Shabalov,2467,2531,2460
926,Alparslan Isik,2467,2277,2259
927,Cyril Ponizil,2467,2399,2479
928,S Rohith Krishna,2467,2273,2359
929,Danny Raznikov,2466,2470,2527
930,Helgi Olafsson,2466,2504,2403
931,Mihajlo Stojanovic,2466,2466,2636
932,Robert Baskin,2466,2384,2472
933,Artur Kogan,2466,2461,2509
934,Arthur Pijpers,2466,2438,2451
935,Sumiya Bilguun,2466,2443,2413
936,Cristhian Camilo Rios,2466,2472,2555
937,Robert Rabiega,2466,2438,2555
938,Tiberiu-Marian Georgescu,2466,2350,2356
939,Elisabeth Paehtz,2465,2394,2321
940,Kaan Kucuksari,2465,2376,2364
941,Jose Gonzalez Garcia,2465,2448,2461
942,Baris Esen,2465,0,2564
943,Yeshaayahu Tzidkiya,2465,2344,2344
944,Samuel-Timotei Ghimpu,2465,2296,2328
945,Juraj Druska,2465,2421,2415
946,Benjamin Arvola Notkevich,2465,2379,2455
947,Roi Reinaldo Castineira,2465,2420,0
948,Andrei Sokolov,2465,2565,0
949,Jerzy Slaby,2465,0,0
950,Jakub Seemann,2465,2370,2365
951,Daniel Hausrath,2465,2533,2550
952,Xu Jun,2465,2511,0
953,Eyal Grinberg,2464,2403,2403
954,Nikita Maiorov,2464,2428,2415
955,Milos Stankovic,2464,2433,2437
956,Neelash Saha,2464,2371,2351
957,Michel Alejandro Diaz Perez,2464,2455,2344
958,Sam E Collins,2464,2437,2386
959,Sergei Zablotsky,2464,2346,2383
960,Lukas Vlasak,2464,2349,2345
961,Bator Sambuev,2464,2465,2422
962,Sina Movahed,2463,2239,2341
963,Joshua Sheng,2463,0,2376
964,Artyom Zubritskiy,2463,2457,2439
965,Zhu Jin'er,2463,2433,2437
966,Josep Manuel Lopez Martinez,2463,2504,2432
967,Eric Lobron,2463,0,2546
968,Filip Haring,2463,2359,2375
969,Saidakbar Saydaliev,2463,2335,2343
970,Douglas Root,2463,0,0
971,Panesar Vedant,2462,2247,2343
972,Omer Reshef,2462,2448,2290
973,Yago De Moura Santiago,2462,2485,2447
974,Josiah Stearman,2462,2313,2408
975,Ramil Faizrakhmanov,2462,2407,2427
976,Daan Brandenburg,2462,0,0
977,Svyatoslav Bazakutsa,2462,2356,2268
978,Krzysztof Jakubowski,2462,2348,2363
979,Boris Markoja,2462,2373,2502
980,William Hernandez Gonzalez,2462,0,2374
981,Nikolai Shukh,2462,2367,2259
982,Pierre Petitcunot,2462,2443,2436
983,Mladen Palac,2462,2491,2471
984,Rafal Antoniewski,2461,2512,2581
985,Boris Khartchenko,2461,2407,2364
986,Igor Zuyev,2461,2467,2513
987,Valentin Buckels,2461,0,2384
988,Arnaldo Fernandez De La Vara,2461,0,2387
989,A Ra Harikrishnan,2461,2253,2439
990,Vasilios Kotronias,2461,2485,2380
991,Uwe Boensch,2461,0,2557
992,Momchil Nikolov,2461,2487,2391
993,Aaron Alonso Garcia,2460,2333,2338
994,Maximilian Neef,2460,0,2494
995,Ilja Schneider,2460,2437,2453
996,Marcos Camacho Collados,2460,2377,2375
997,Artashes Minasian,2460,2470,2549
998,Julio Suarez Gomez,2460,2391,2390
999,Jean-Marc Degraeve,2460,2406,2453
